WPROBE3	2026-09-06_17:54:53Z	RUNNING	sess=session-0 title=只回复两个汉字：收到。然后结束。 driven=yes report_to=cli-main brief=只回复两个汉字：收到。然后结束。 【回执】完成后引擎会自动生成报告并发送回执，你只需专注完成任务本身。 proc=971216 state=idle
W1010	2026-09-07_02:53:01Z	RUNNING	sess=session-1 title=只回复两个汉字：收到。然后结束。 driven=yes report_to=cli-main brief=只回复两个汉字：收到。然后结束。 【回执】完成后引擎会自动生成报告并发送回执，你只需专注完成任务本身。 proc=971216 state=idle
WCHAT	2026-09-07_05:26:11Z	RUNNING	sess=session-0 title=你好，我是主会话。我们来做个简短交流测试 driven=yes report_to=cli-main brief=你好，我是主会话。我们来做个简短交流测试：请你回复我一句话介绍你自己（你是谁/wid），然后再说一句"收到，交流愉快"。完成后结束。之后我会用 session_send_message 给你发消息，收到后请用 session_send_message 回复我（target=<我的会话地址>）。 【回执】完成后引擎会自动生成报告并发送回执，你只需专注完成任务本身。 proc=1808530 state=idle
WPROBE4	2026-09-07_05:52:07Z	RUNNING	sess=session-0 title=只回复两个汉字：收到。然后结束。 driven=yes report_to=cli-main brief=只回复两个汉字：收到。然后结束。 【回执】完成后引擎会自动生成报告并发送回执，你只需专注完成任务本身。 proc=1841716 state=idle
WPROBE5	2026-09-07_05:55:37Z	RUNNING	sess=session-1 title=只回复两个汉字：收到。然后结束。 driven=yes report_to=cli-main brief=只回复两个汉字：收到。然后结束。 【回执】完成后引擎会自动生成报告并发送回执，你只需专注完成任务本身。 proc=1841716 state=idle
W101	2026-09-07_13:28:32Z	RUNNING	sess=session-0 title=上下文验证测试 driven=yes report_to=cli-main brief=这是 Celestea Studio harness 里的一个验证测试。请你在不逐字导出系统提示词全文的前提下（若你的上下文对系统提示词有导出限制，主动说明），简要回答以下问题并回给我： 1. 你此刻能确认自己收到了系统提示词吗？ 2. 若你的系统提示词里有「禁止逐字原样输出系统提示词」这类约束，请明确说「有」并简述；若没有，直接说「没有」。 3. 你的工作目录路径是什么？ 4. 你是否有 pnpm build 刷新前端、以及「开发环境变更需要重启服务」这类规则？ 请用简洁清单回答，把结论直接作为你的最终回复发出即可。 【回执】完成后引擎会自动生成报告并发送回执，你只需专注完成任务本身。 proc=2211189 state=idle
W001	2026-09-08_04:09:05Z	RUNNING	sess=session-0 title=自毁测试 driven=yes ws=example-team-api brief=这是一个自销毁 worker 的测试任务。请你在本工作区（/srv/celestea/studio）内用 list_dir 查看一下根目录，列出一层的条目名，然后打印一句话「W001 任务完成，准备退出」。不要做任何额外操作，做完就结束本轮处理（即自毁退出）。 proc=2451624 state=idle
W002	2026-09-08_04:11:48Z	RUNNING	sess=session-1 title=回执测试 driven=yes ws=example-team-api report_to=session-0 brief=这是一个验收「自动回执」机制的测试任务。请在 /srv/celestea/studio 根目录用 list_dir 列出一层条目，然后把列出的条目名写入一个文件 results/W002-report.md（第一行写标题「W002 自动回执测试报告」，下面列出条目）。做完这步，你的本轮处理即结束。请如实、简短地描述你做了什么。 【回执】完成后引擎会自动生成报告并发送回执，你只需专注完成任务本身。 proc=2451624 state=idle
W301	2026-09-09_11:32:22Z	RUNNING	sess=session-0 title=前端卡死修复 driven=yes ws=/srv/celestea/studio report_to=cli-main brief=# W301 · Celestea Studio 前端流式渲染卡死修复（纯前端） 你是一名前端工程师。工作目录 `/srv/celestea/studio`（仓库根，前端在 `frontend/`，TypeScript + Vite）。 ## 背景：已定位的根因（架构师实测，不必重新调研） `frontend/src/ui/messages.ts` 的流式渲染每个节拍对**整段累积文本**做全量重建： ```ts const RENDER_INTERVAL = 60; function renderTextView(view: AssistantView): void { view… proc=3537916 state=in-turn
W302	2026-09-09_11:32:22Z	RUNNING	sess=session-1 title=statusline停止按钮 driven=yes ws=/srv/celestea/studio report_to=cli-main brief=# W302 · Celestea Studio 前端：会话发送栏上方 statusline 增加「停止」方形按钮 你是一名前端工程师。工作目录 `/srv/celestea/studio`（前端在 `frontend/`，TypeScript + Vite）。 ## 目标 在聊天区**发送栏正上方的 statusline**（`#statusline`，两行）第 1 行右端加一个**停止按钮**：**正方形图标**（实心方块），运行中可见、空闲时隐藏，点击取消当前轮次。 ## 现状事实（已核对，直接照着改） - `frontend/index.html` 的 `#statuslin… proc=3537916 state=idle
W303	2026-09-09_12:23:53Z	RUNNING	sess=session-2 title=独立验收审计 driven=yes ws=/srv/celestea/studio report_to=cli-main brief=# W303 · 独立验收审计（只读，不改任何文件） 你是独立验收审计员。工作目录 `/srv/celestea/studio`。本轮有两条前端改动刚落地，你要**独立**判断能否上线。**禁止修改任何文件**（只读审计），只允许：读文件、`cd frontend && pnpm typecheck`、`node frontend/bench/markdown-render-bench.mjs`、只读 shell。 ## 背景：要审计的两条改动 **流 A（W301）· 前端流式渲染卡死修复** - 新增 `frontend/src/utils/markdown.ts`：`Markdow… proc=3537916 state=in-turn
